Building Street Number,Building Street Direction,Building Street Name,Building Street Type I,Report Status - Original LSE Report Approved,Report Status - LSE Report Resubmitted,Report Status - Resubmitted Report Approved,Construction Status (Self-Reported by Building Representative),Installing a full sprinkler system instead of an alternative LSE Compliance scope of work (Self-Reported by Building Representative),Inspection Status - Inspection Results,Inspection Status - Date Passed,Scheduled Inspection Date,Rescheduled Inspection Date
3030,W.,21st,Pl.,No,Yes,Yes,In Process,No,passed,,,
344,W.,28th,Pl.,No,Yes,Yes,In Process,No,Passed,,,
60,E.,32nd,,No,Yes,Yes,Not Submitted,Yes,Sprinkled,,,
401,E.,32nd,St.,Yes,Not Applicable,Not Applicable,In Process,No,FAILED,,,
501,E.,32nd,St.,Yes,Not Applicable,Not Applicable,In Process,No,Passed,,,
601,E.,32nd,St.,No,Yes,Yes,Work Not Started,No,Passed,,,
400,E.,33rd,St.,Yes,Not Applicable,Not Applicable,In Process,No,Passed,,,
500,E.,33rd,St.,Yes,Not Applicable,Not Applicable,In Process,No,Passed,,,
533,E.,33rd,Pl.,Yes,Not Applicable,Not Applicable,In Process,No,Passed,,,
555,E.,33rd,Pl.,Yes,Not Applicable,Not Applicable,In Process,No,Passed,,,
740,E.,43rd,St.,No,Yes,Yes,In Process,Yes,Sprinkled,,,
936,E.,47th,St.,Not Submitted,Not Applicable,Not Submitted,Not Submitted,No,In Court,,,
1605,E.,50th,St.,Yes,Not Applicable,Not Applicable,In Process,No,FAILED,,,
1606,E.,50th,St,Yes,Not Applicable,Not Applicable,Not Submitted,No,empty lot,,,
1606,E.,50th,Place,Yes,Not Applicable,Not Applicable,In Process,No,FAILED,,,
1607,E.,50th,Place,Yes,Not Applicable,Not Applicable,In Process,No,FAILED,,,
1616,E.,50th,Place,Yes,Not Applicable,Not Applicable,In Process,No,FAILED,,,
1617,E.,50th,Place,Yes,Not Applicable,Not Applicable,In Process,No,FAILED,,,
1640,E.,50th,St.,Yes,Not Applicable,Not Applicable,In Process,No,FAILED,,,
1645-49,E.,50th,St.,Yes,Not Applicable,Not Applicable,In Process,No,FAILED,,,
1525,E.,53rd,St.,No,Yes,Yes,Ready for Inspection,No,FAILED,,,
1451,E.,55th,Street,No,Yes,Yes,Work Not Started,No,FAILED,,,
1755,E.,55th,St.,No,Yes,Yes,Work Not Started,No,FAILED,,,
1321,E.,56th,St.,No,Yes,Yes,Ready for Inspection,No,FAILED,,,
1642,E.,56th,St.,Yes,Not Applicable,Not Applicable,In Process,No,FAILED,,,
1700,E.,56th,St.,No,Yes,Yes,In Process,No,FAILED,,,
1116,E.,59th,St.,Yes,Not Applicable,Not Applicable,Not Submitted,No,FAILED,,,
727,E.,60th,St.,Yes,Not Applicable,Not Applicable,Work Not Started,No,FAILED,,,
655,W.,65th,St.,No,Yes,Yes,In Process,Yes,Sprinkled,,,
2231,E.,67th,St.,No,Not Applicable,No,In Process,No,In Court,,,
50,W.,71st,St.,Yes,Not Applicable,Not Applicable,In Process,No,Passed,,,
2666,E.,73rd,St.,No,Yes,Yes,Not Submitted,No,FAILED,,,
2860,E.,76th,St.,No,Yes,No,Not Submitted,No,In Court,,,
40,E.,9th,Street,No,Yes,Yes,In Process,No,Passed,,,
415,W.,Aldine,Ave.,Yes,Not Applicable,Not Applicable,In Process,No,FAILED,,,
855,W.,Aldine,Ave.,No,Yes,Yes,In Process,No,Passed,,,
105,S.,Ashland,Ave.,No,Yes,Yes,Ready for Inspection,Yes,Sprinkled,,,
901,S.,Ashland,Ave.,Yes,Not Applicable,Not Applicable,Work Not Started,No,Passed,,,
903,S.,Ashland,Ave.,Yes,Not Applicable,Not Applicable,Work Not Started,No,passed,,,
1447,S.,Ashland,Ave.,No,Yes,Yes,In Process,No,Passed,,,
1209,N.,Astor,St.,Yes,Not Applicable,Not Applicable,In Process,No,FAILED,,,
1210,N.,Astor,St.,No,Yes,Yes,In Process,No,FAILED,,,
1260,N.,Astor,St.,Yes,Not Applicable,Not Applicable,In Process,No,FAILED,,,
1300,N.,Astor,St.,Yes,Not Applicable,Not Applicable,Ready for Inspection,No,FAILED,,,
1301,N.,Astor,St.,No,Yes,Yes,Work Not Started,No,FAILED,,,
1325,N.,Astor,St.,Yes,Not Applicable,Not Applicable,In Process,No,FAILED,,,
1335,N.,Astor,St.,Yes,Not Applicable,Not Applicable,Work Not Started,No,Passed,,,
1340,N.,Astor,St.,No,Yes,Yes,Work Not Started,No,FAILED,,,
1350,N.,Astor,St.,Yes,Not Applicable,Not Applicable,In Process,No,FAILED,,,
1430,N.,Astor,St.,Yes,Not Applicable,Not Applicable,Work Not Started,No,FAILED,,,
1450,N.,Astor,St.,No,Yes,Yes,Ready for Inspection,No,Passed,,,
1515,N.,Astor,St.,No,Yes,Yes,Not Submitted,No,FAILED,,,
1555,N.,Astor,St.,No,Yes,Yes,In Process,No,FAILED,,,
339,W.,Barry,Ave.,Yes,Not Applicable,Not Applicable,In Process,No,FAILED,,,
440,W.,Barry,Ave.,Yes,Not Applicable,Not Applicable,In Process,No,Passed,,,
533,W.,Barry,Ave.,Yes,Not Applicable,Not Applicable,Ready for Inspection,No,FAILED,,,
820,W.,Belle,Plain,Yes,Not Applicable,Not Applicable,Work Not Started,No,Passed,,,
33,E.,Bellevue,Pl.,No,Yes,Yes,In Process,No,,,,
50,E.,Bellevue,Place,Yes,Not Applicable,Not Applicable,In Process,No,FAILED,,,
100,E.,Bellevue,Pl,Yes,Not Applicable,Not Applicable,In Process,No,FAILED,,,
420,W.,Belmont,Ave.,Yes,Not Applicable,Not Applicable,Work Not Started,No,FAILED,,,
426,W.,Belmont,Ave.,Yes,Not Applicable,Not Applicable,In Process,No,Passed,,,
500,W.,Belmont,Ave.,No,Yes,Yes,Work Not Started,No,Passed,,,
510,W.,Belmont,Ave.,Yes,Not Applicable,Not Applicable,Work Not Started,No,FAILED,,,
732,W.,Bittersweet,,No,Yes,Yes,Not Submitted,No,FAILED,,,
700-08,W.,Bittersweet,,Yes,Not Applicable,Not Applicable,Work Not Started,No,FAILED,,,
5107,S.,Blackstone,Ave.,No,Yes,Yes,Work Not Started,No,FAILED,,,
5200,S.,Blackstone,Ave.,No,Yes,Yes,In Process,Yes,sprinkled,,,
433,W.,Briar,Place,No,Yes,Yes,Not Submitted,No,FAILED,,,
450,W.,Briar,Place,No,Yes,Yes,Work Not Started,No,FAILED,,,
515,W.,Briar,Place,No,Yes,Yes,Work Not Started,No,FAILED,,,
516,W.,Briar,Place,No,Yes,Yes,In Process,No,FAILED,,,
540,W.,Briar,Place,No,Yes,Yes,Work Not Started,No,FAILED,,,
5050,N.,Broadway,Ave.,Yes,Not Applicable,Not Applicable,Not Applicable,yes,Sprinkled,,,
5821,N.,Broadway,St.,No,Yes,Yes,In Process,Yes,Sprinkled,,,
4753-59,N.,Broadway,St.,No,Yes,Yes,Work Not Started,No,FAILED,,,
1062,W.,Bryn Mawr,,Yes,Not Applicable,Not Applicable,Work Not Started,No,Passed,,,
833,W.,Buena,,No,Yes,Yes,In Process,No,Passed,,,
70,W.,Burton,Place,Yes,Not Applicable,Not Applicable,Work Not Started,No,passed,,,
2600,S.,California,Ave.,No,Yes,Yes,In Process,No,FAILED,,,
2610,S.,California,Ave.,Yes,Not Applicable,Not Applicable,Not Applicable,Not Applicable,sprinkled,,,
150,S.,Campbell,Ave.,No,Yes,Yes,In Process,No,FAILED,,,
10,S.,Canal,St.,No,Yes,Yes,Not Submitted,Yes,Passed,,,
345,N.,Canal,St.,No,Yes,Yes,In Process,No,FAILED,,,
20,E.,Cedar,St.,No,Yes,Yes,Not Submitted,No,FAILED,,,
33,E.,Cedar,St.,Yes,Not Applicable,Not Applicable,Not Submitted,No,FAILED,,,
40,E.,Cedar,St.,No,Yes,Yes,Work Not Started,No,Passed,,,
70,E.,Cedar,St.,Yes,Yes,Yes,Ready for Inspection,No,Passed,,,
21,E.,Chestnut,St.,No,Yes,Yes,Work Not Started,No,FAILED,,,
55,W.,Chestnut,St.,Yes,Not Applicable,Not Applicable,Ready for Inspection,No,Passed,,,
100,W.,Chestnut,St.,Yes,Not Applicable,Not Applicable,Work Not Started,No,Passed,,,
111,E.,Chestnut,St.,Yes,Not Applicable,Not Applicable,Work Not Started,No,FAILED,,,
200,E.,Chestnut,St.,No,Yes,Yes,Ready for Inspection,Yes,sprinkled,,,
201,E.,Chestnut,St.,Yes,Not Applicable,Not Applicable,Work Not Started,No,FAILED,,,
215,E.,Chestnut,St.,No,Yes,Yes,In Process,No,FAILED,,,
222,E.,Chestnut,St.,No,Yes,Yes,In Process,No,In Court,,,
247,E.,Chestnut,St.,No,Yes,Yes,Not Submitted,No,FAILED,,,
260,E.,Chestnut,St.,Yes,Not Applicable,Not Applicable,In Process,No,Passed,,,
160,W.,Chicago,Ave.,Yes,Not Applicable,Not Applicable,In Process,Yes,Sprinkled,,,
339,E.,Chicago,Ave.,No,Yes,Yes,Not Submitted,Yes,sprinkled,,,
4800,S.,Chicago Beach ,Dr.,Yes,Not Applicable,Not Applicable,Ready for Inspection,No,FAILED,,,
4950,S.,Chicago Beach ,Dr.,No,Yes,Yes,In Process,No,FAILED,,,
4157,N.,Clarendon,Ave.,No,Yes,Yes,In Process,No,FAILED,,,
4343,N.,Clarendon,Ave.,Yes,Not Applicable,Not Applicable,Ready for Inspection,No,FAILED,,,
4500,N. ,Clarendon,Ave.,Yes,Not Applicable,Not Applicable,In Process,No,FAILED,,,
4520,N.,Clarendon,Ave.,No,Yes,Yes,In Process,No,In Court,,,
4550,N.,Clarendon,Ave.,No,Yes,Yes,Work Not Started,No,In Court,,,
4600,N. ,Clarendon,Ave.,Yes,Not Applicable,Not Applicable,Ready for Inspection,No,FAILED,,,
4750,N.,Clarendon,Ave.,No,Yes,Yes,In Process,No,FAILED,,,
118,N.,Clark,St.,No,Yes,Yes,Work Not Started,No,FAILED,,,
125,S.,Clark,St.,Yes,Yes,Yes,In Process,No,FAILED,,,
650,S.,Clark,St.,No,No,Not Submitted,Not Submitted,Yes,Sprinkled,,,
650,S.,Clark,St.,No,Yes,Yes,Not Submitted,Yes,Sprinkled,,,
1850,N.,Clark,St.,No,Yes,Yes,In Process,No,FAILED,,,
1920,N.,Clark,St.,Yes,Yes,Yes,In Process,No,FAILED,,,
1936,N.,Clark,St.,No,Yes,Yes,Not Submitted,No,In Court,,,
2470,N.,Clark,St.,Yes,Not Applicable,Not Applicable,Ready for Inspection,No,FAILED,,,
2551,N.,Clark,St.,No,Yes,Yes,In Process,No,FAILED,,,
2625,N. ,Clark,St.,Yes,Not Applicable,Not Applicable,Not Submitted,Not Submitted,Passed,,,
3930,N.,Clark,St.,No,Yes,Yes,In Process,No,FAILED,,,
1333,N.,Cleveland,,No,Yes,Yes,Ready for Inspection,Yes,sprinkled,,,
118,S. ,Clinton,St.,Yes,Not Applicable,Not Applicable,Not Submitted,Yes,Sprinkled,,,
1507 ,N.,Clybourn,Ave.,Yes,Not Applicable,Not Applicable,In Process,Yes,Sprinkled,,,
1531,N.,Clybourn,Ave.,No,Yes,Yes,In Process,No,Passed,,,
2912,N.,Commonwealth,Ave.,No,Yes,Yes,Work Not Started,No,FAILED,,,
2920,N.,Commonwealth,Ave.,No,Yes,Yes,Not Submitted,Not Submitted,Passed,,,
3700,W.,Congress ,Parkway,No,Yes,Yes,In Process,No,Passed,,,
535,W.,Cornelia,Ave.,Yes,Not Applicable,Not Applicable,Work Not Started,No,Passed,,,
555,W.,Cornelia,Ave.,Yes,Not Applicable,Not Applicable,Ready for Inspection,No,Passed,,,
5000,S.,Cornell,Ave.,No,Yes,Yes,In Process,No,FAILED,,,
5100,S.,Cornell,Ave.,Yes,Not Applicable,Not Applicable,Work Not Started,No,FAILED,,,
5201,S.,Cornell,Ave.,Yes,Not Applicable,Not Applicable,In Process,No,FAILED,,,
5346,S.,Cornell,Ave.,No,Yes,Yes,Ready for Inspection,No,Passed,,,
5421,S.,Cornell,Ave.,Yes,Not Applicable,Not Applicable,Work Not Started,No,FAILED,,,
3420,S.,Cottage Grove,Ave.,Yes,Not Applicable,Not Applicable,In Process,No,Passed,,,
3440,S.,Cottage Grove,Ave.,Yes,Not Applicable,Not Applicable,In Process,No,Passed,,,
3515,S.,Cottage Grove,Ave.,No,Yes,Yes,Work Not Started,No,Passed,,,
3555,S.,Cottage Grove,Ave.,No,Yes,Yes,Work Not Started,No,Passed,,,
4949,S.,Cottage Grove,Ave.,No,Yes,Yes,In Process,No,FAILED,,,
5325,S.,Cottage Grove,Ave.,Yes,Not Applicable,Not Applicable,Ready for Inspection,No,Passed,,,
6700,S.,Crandon,Ave.,No,Yes,Yes,Not Submitted,No,In Court,,,
6701,S.,Crandon,Ave.,No,Yes,Yes,In Process,No,In Court,,,
6900,S.,Crandon,Ave.,No,Yes,Yes,Work Not Started,No,Passed,,,
6920,S.,Crandon,Ave.,No,Yes,No,Work Not Started,No,In Court,,,
6929,S.,Crandon,Ave.,No,Yes,Yes,Not Submitted,No,FAILED,,,
7130,S.,Cyril,Court,No,Yes,Yes,In Process,No,FAILED,,,
300,S.,Damen,Ave.,No,Yes,Yes,In Process,No,Passed,,,
1414,N.,Damen,Ave.,No,Yes,Yes,In Process,No,Passed,,,
431,S.,Dearborn,St.,Yes,Not Applicable,Not Applicable,Not Submitted,No,FAILED,,,
509,N.,Dearborn,,No,Yes,Yes,Not Submitted,Yes,sprinkled,,,
537,S.,Dearborn,St.,Yes,Not Applicable,Not Applicable,Not Submitted,No,Passed,,,
542,S.,Dearborn,St.,No,Yes,Yes,Not Submitted,No,FAILED,,,
600,S.,Dearborn,St.,Yes,Not Applicable,Not Applicable,In Process,No,Passed,,,
750,N.,Dearborn,St.,Yes,Not Applicable,Not Applicable,Ready for Inspection,No,Passed,,,
1030,N.,Dearborn,St.,No,Yes,Yes,Work Not Started,No,FAILED,,,
1036,N.,Dearborn,,No,Yes,Yes,Ready for Inspection,No,Passed,,,
1117,N.,Dearborn,St.,No,Yes,Yes,Work Not Started,No,FAILED,,,
1130,N.,Dearborn,St.,Yes,Not Applicable,Not Applicable,Work Not Started,No,Passed,,,
1221,N.,Dearborn,St.,Yes,Not Applicable,Not Applicable,Ready for Inspection,No,FAILED,,,
1260,N.,Dearborn,St.,No,Yes,Yes,Not Submitted,No,FAILED,,,
1330,N.,Dearborn,,No,Yes,Yes,Work Not Started,No,Passed,,,
1339,N.,Dearborn,,No,Yes,Yes,Work Not Started,No,FAILED,,,
1340,N.,Dearborn,St.,Yes,Not Applicable,Not Applicable,Not Submitted,No,FAILED,,,
1344,N.,Dearborn,St.,Yes,Yes,Yes,Work Not Started,No,FAILED,,,
1366,N.,Dearborn,Parkway,No,Yes,Yes,In Process,No,FAILED,,,
1415,N.,Dearborn,St.,No,No,Yes,Ready for Inspection,No,FAILED,,,
1530,N.,Dearborn,Parkway,Yes,Not Applicable,Not Applicable,In Process,No,Passed,,,
1555,N.,Dearborn,St.,Yes,Not Applicable,Not Applicable,In Process,No,FAILED,,,
2545,S.,Dearborn,St.,Yes,Yes,Yes,In Process,Yes,Passed,,,
500-510,N.,Dearborn,St.,No,Yes,Yes,In Process,No,FAILED,,,
25,E.,Delaware,Pl.,No,Yes,Yes,Ready for Inspection,No,Passed,,,
40,E.,Delaware,Pl.,No,Yes,Yes,Work Not Started,No,Passed,,,
110,E.,Delaware,Pl.,Yes,Yes,Yes,Not Submitted,Yes,Sprinkled,,,
175,E.,Delaware,Pl.,Yes,Not Applicable,Not Applicable,Work Not Started,No,FAILED,,,
200,E.,Delaware,Pl.,Yes,Not Applicable,Not Applicable,In Process,No,Passed,,,
201,E.,Delaware,Pl.,Yes,Not Applicable,Not Applicable,Ready for Inspection,Yes,Sprinkled,,,
211,E.,Delaware,Pl.,Yes,Not Applicable,Not Applicable,Ready for Inspection,Yes,Sprinkled,,,
253,E.,Delaware,Pl.,Yes,Not Applicable,Not Applicable,In Process,No,FAILED,,,
257,E.,Delaware,Pl.,No,Yes,Yes,In Process,No,FAILED,,,
227-37,E.,Delaware,Pl.,Yes,Not Applicable,Not Applicable,In Process,No,FAILED,,,
400,W.,Deming,Pl.,No,Yes,Yes,In Process,Yes,Sprinkled,,,
629,W.,Deming,Pl.,No,Yes,Yes,Ready for Inspection,No,Passed,,,
850,N.,Dewitt,Pl.,Yes,Not Applicable,Not Applicable,Work Not Started,No,FAILED,,,
860,N.,Dewitt,Pl.,Yes,Not Applicable,Not Applicable,Work Not Started,No,Passed,,,
900,N.,Dewitt,Pl.,No,Yes,Yes,In Process,No,FAILED,,,
330,W.,Diversey,Parkway,Yes,Not Applicable,Not Applicable,In Process,No,FAILED,,,
340,W.,Diversey,Parkway,Yes,Not Applicable,Not Applicable,In Process,No,FAILED,,,
600,W.,Diversey,Parkway,No,Yes,Yes,In Process,No,FAILED,,,
416-428,W.,Diversey,Parkway,Yes,Not Applicable,Not Applicable,Not Applicable,Yes,Passed,,,
501-509,W.,Diversey,Parkway,No,Yes,Yes,Work Not Started,No,FAILED,,,
30,E.,Division,St.,Yes,Not Applicable,Not Applicable,In Process,No,FAILED,,,
71,E.,Division,St.,No,Yes,Yes,Ready for Inspection,No,Passed,,,
2233,W.,Division,St.,No,Yes,Yes,In Process,Yes,sprinkled,,,
5254,S.,Dorchester,Ave.,No,Yes,Yes,Work Not Started,No,FAILED,,,
5550,S,Dorchester,Ave.,Yes,Not Applicable,Not Applicable,In Process,No,Passed,,,
5801,S.,Dorchester,Ave.,No,Yes,Yes,Not Submitted,No,FAILED,,,
5825,S.,Dorchester,Ave.,No,Yes,Yes,Work Not Started,No,Passed,,,
440,N.,Drake,Ave.,No,Yes,Yes,In Process,No,Passed,,,
4554,S.,Drexel,Blvd.,Yes,Not Applicable,Not Applicable,Ready for Inspection,Yes,Passed,,,
4825,S.,Drexel,Blvd.,No,Yes,Yes,Work Not Started,No,passed,,,
4917,S.,Drexel,Blvd.,No,Yes,Yes,Work Not Started,No,passed,,,
4940,S.,East End,Ave.,Yes,Not Applicable,Not Applicable,In Process,No,FAILED,,,
5000,S.,East End,Ave.,Yes,Not Applicable,Not Applicable,In Process,No,FAILED,,,
5050,S.,East End,Ave.,Yes,Not Applicable,Not Applicable,In Process,No,FAILED,,,
5421,N.,East River,Road,No,Yes,Yes,In Process,No,FAILED,,,
5431,N.,East River,Road,No,Yes,Yes,In Process,No,FAILED,,,
5441,N.,East River,Road,No,Yes,Yes,In Process,No,FAILED,,,
5451,N.,East River,Road,No,Yes,Yes,In Process,No,FAILED,,,
5461,N.,East River,Road,No,Yes,Yes,In Process,No,FAILED,,,
850,W.,Eastwood,Ave.,Yes,Not Applicable,Not Applicable,In Process,No,FAILED,,,
4624,S.,Ellis,,No,Yes,Yes,Work Not Started,No,Passed,,,
10,W.,Elm,St.,No,Yes,Yes,Work Not Started,No,FAILED,,,
14,W.,Elm,St.,No,No,Yes,Not Submitted,No,FAILED,,,
18,E.,Elm,St.,No,Yes,Yes,Ready for Inspection,No,Passed,,,
30,E.,Elm,St.,Yes,Not Applicable,Not Applicable,In Process,No,Passed,,,
73,E.,Elm,St.,Yes,Yes,Yes,Ready for Inspection,No,FAILED,,,
116,W.,Elm,St.,No,Yes,Yes,In Process,No,FAILED,,,
233,E.,Erie,St.,Yes,Not Applicable,Not Applicable,Not Submitted,No,FAILED,,,
259,E.,Erie,St.,No,Yes,Yes,Not Submitted,Not Submitted,Demolished,,,
1170,W.,Erie,St.,Yes,Not Applicable,Not Applicable,Not Submitted,No,FAILED,,,
5541,S.,Everett,Ave.,Yes,Not Applicable,Not Applicable,Not Submitted,No,Passed,,,
5555,S.,Everett,Ave.,Yes,Yes,Yes,In Process,No,FAILED,,,
1337,W.,Fargo,,No,Yes,Yes,In Process,Yes,Sprinkled,,,
600-780,S.,Federal,,No,Yes,Yes,In Process,Yes,Sprinkled,,,
4300,W.,Ford City,Dr.,No,Yes,Yes,In Process,No,FAILED,,,
345,W.,Fullerton,Parkway,Yes,Not Applicable,Not Applicable,Work Not Started,No,Passed,,,
399,W.,Fullerton,Parkway,No,Yes,No,In Process,No,In Court,,,
401,W.,Fullerton,,No,Yes,Yes,In Process,No,Passed,,,
415,W.,Fullerton,Parkway,No,Yes,Yes,Ready for Inspection,No,Passed,,,
444,W.,Fullerton,Parkway,Yes,Not Applicable,Not Applicable,Work Not Started,No,FAILED,,,
21,W.,Goethe,St.,Yes,Yes,Yes,Ready for Inspection,No,FAILED,,,
711,W.,Gordon,Terrace,No,No,Yes,Work Not Started,No,LSE not required,,,
720,W.,Gordon,Terrace,No,Yes,Yes,Ready for Inspection,No,FAILED,,,
635,W.,Grace,St.,Yes,Not Applicable,Not Applicable,Work Not Started,No,Passed,,,
810,W.,Grace,St.,Yes,Not Applicable,Not Applicable,Work Not Started,No,FAILED,,,
57-63,W.,Grand,Ave.,No,Yes,Yes,In Process,Yes,Sprinkled,,,
1040,W.,Granville,,No,Yes,Yes,In Process,No,FAILED,,,
1055,W.,Granville,,No,Yes,Yes,Work Not Started,No,FAILED,,,
6928-30,N.,Greenview,,No,Yes,Yes,Not Submitted,No,LSE not required,,,
300,S.,Hamlin,,No,Yes,Yes,In Process,No,FAILED,,,
2700,N.,Hampden,Court,Yes,Not Applicable,Not Applicable,Ready for Inspection,No,FAILED,,,
2728,N.,Hampden,Ct.,Yes,Not Applicable,Not Applicable,Work Not Started,No,FAILED,,,
2754,N.,Hampden,Court,No,Yes,Yes,Ready for Inspection,No,FAILED,,,
155,N.,Harbor,Dr.,No,Yes,Yes,Work Not Started,No,FAILED,,,
5400,S.,Harper,Ave.,No,Yes,Yes,Work Not Started,No,FAILED,,,
1926,W.,Harrison,St.,Yes,Not Applicable,Not Applicable,Work Not Started,No,FAILED,,,
525,W.,Hawthorne,Pl.,Yes,Not Applicable,Not Applicable,In Process,No,FAILED,,,
4278,N.,Hazel,,No,Yes,Yes,Not Submitted,No,FAILED,,,
4334,N.,Hazel,St.,Yes,Not Applicable,Not Applicable,Work Not Started,No,FAILED,,,
54,W.,Hubbard,,No,Yes,Yes,In Process,TBD,FAILED,,,
30,E.,Huron,St.,No,Yes,Yes,In Process,No,FAILED,,,
77,W.,Huron,St.,Yes,Not Applicable,Not Applicable,Ready for Inspection,No,FAILED,,,
111,W.,Huron,,No,Yes,Yes,Ready for Inspection,Yes,Sprinkled,,,
810,E.,Hyde Park,Blvd.,Yes,Not Applicable,Not Applicable,Not Applicable,Not Applicable,LSE not required,,,
1369,E.,Hyde Park,Blvd.,No,Yes,Yes,Work Not Started,No,FAILED,,,
1380,E.,Hyde Park,Blvd.,Yes,Not Applicable,Not Applicable,Work Not Started,No,FAILED,,,
1606,E.,Hyde Park,Blvd.,Yes,Not Applicable,Not Applicable,In Process,No,FAILED,,,
5242,S.,Hyde Park,Blvd.,No,Yes,Yes,In Process,No,FAILED,,,
5307,S.,Hyde Park,Blvd.,No,Yes,Yes,Ready for Inspection,No,FAILED,,,
5401,S.,Hyde Park,Blvd.,Yes,Not Applicable,Not Applicable,In Process,No,FAILED,,,
5471,S.,Hyde Park,Blvd.,No,No,Not Submitted,Not Submitted,No,In Court,,,
5496,S.,Hyde Park,Blvd.,No,Yes,Yes,Work Not Started,No,FAILED,,,
5528,S.,Hyde Park,Blvd.,No,Yes,Yes,Not Submitted,No,In Court,,,
1401-03,E.,Hyde Park,Blvd.,No,Yes,Yes,Not Submitted,No,FAILED,,,
320,W.,Illinois,St.,Yes,Yes,Yes,In Process,No,Sprinkled,,,
2605,S.,Indiana,Ave.,Yes,Not Applicable,Not Applicable,In Process,No,FAILED,,,
2631,S.,Indiana,Ave.,Yes,Not Applicable,Not Applicable,In Process,No,Passed,,,
2701,S.,Indiana,Ave.,Yes,Not Applicable,Not Applicable,Work Not Started,No,FAILED,,,
6000,S.,Indiana ,Ave.,No,No,Not Submitted,Not Submitted,No,In Court,,,
6019,S.,Ingleside,Ave.,No,Yes,Yes,Work Not Started,No,FAILED,,,
655,W.,Irving Park,Rd.,No,Yes,Yes,In Process,No,FAILED,,,
28,E.,Jackson,Blvd.,No,Yes,Yes,Not Submitted,No,FAILED,,,
53,W.,Jackson,,Yes,Not Applicable,Not Applicable,In Process,Yes,Sprinkled,,,
55,E.,Jackson,Blvd.,Yes,Yes,Yes,Work Not Started,Yes,Sprinkled,,,
223,W.,Jackson,,Yes,Yes,Yes,Ready for Inspection,No,Passed,,,
500,W.,Jackson,,Yes,Not Applicable,Not Applicable,Not Submitted,No,FAILED,,,
6922,S.,Jeffrey,,No,Yes,Yes,Not Submitted,No,FAILED,,,
7020,S.,Jeffrey,,No,Yes,Yes,Not Submitted,No,FAILED,,,
7144,S.,Jeffrey,,Yes,Not Applicable,Not Applicable,Work Not Started,No,FAILED,,,
707,W.,Junior,Terrace,Yes,Not Applicable,Not Applicable,Work Not Started,No,FAILED,,,
735,W.,Junior,Terrace,Yes,Not Applicable,Not Applicable,Work Not Started,No,FAILED,,,
808,W.,Junior,Terrace,No,Yes,Yes,Work Not Started,No,Passed,,,
5148,N.,Kedzie,Ave.,No,Yes,Yes,Work Not Started,Yes,Sprinkled,,,
6833,N.,Kedzie,Ave.,Yes,Not Applicable,Not Applicable,Ready for Inspection,No,Passed,,,
6933,N.,Kedzie,Ave.,Yes,Not Applicable,Not Applicable,Ready for Inspection,No,FAILED,,,
7033,N.,Kedzie,Ave.,Yes,Not Applicable,Not Applicable,Work Not Started,No,FAILED,,,
7061,N.,Kedzie,Ave.,Yes,Not Applicable,Not Applicable,Ready for Inspection,No,Passed,,,
7141,N.,Kedzie,Ave.,No,Yes,Yes,Work Not Started,No,FAILED,,,
5225,N.,Kenmore,Ave.,Yes,Not Applicable,Not Applicable,Not Submitted,No,FAILED,,,
5550,N.,Kenmore,Ave.,Yes,Not Applicable,Not Applicable,Work Not Started,No,FAILED,,,
5633,N.,Kenmore,Ave.,No,Yes,Yes,Work Not Started,No,FAILED,,,
5820,N.,Kenmore,Ave.,No,Yes,Yes,Work Not Started,No,FAILED,,,
5860,N.,Kenmore,Ave.,No,No,Not Submitted,Not Submitted,No,In Court,,,
6150,N.,Kenmore,Ave.,Yes,Not Applicable,Not Applicable,Work Not Started,No,FAILED,,,
6230,N.,Kenmore,Ave.,No,Yes,Yes,Work Not Started,No,FAILED,,,
5439-41,N.,Kenmore,Ave.,Yes,Not Applicable,Not Applicable,Not Applicable,less than 80',LSE not required,,,
5110,S.,Kenwood,Ave.,No,Yes,Yes,Not Submitted,No,FAILED,,,
5715-19,S.,Kenwood,Ave.,Yes,Not Applicable,Not Applicable,Work Not Started,No,FAILED,,,
730,W.,Lake,St.,Yes,Not Applicable,Not Applicable,Work Not Started,No,In Court,,,
3500,S.,Lake Park,Ave.,Yes,Yes,Yes,Work Not Started,No,Passed,,,
3625,S.,Lake Park,Ave.,No,Yes,Yes,Work Not Started,No,Passed,,,
3939,S.,Lake Park,Ave.,No,Yes,Yes,In Process,Yes,sprinkled,,,
3983,S.,Lake Park,Ave.,No,Yes,Yes,In Process,Yes,Sprinkled,,,
4030,S.,Lake Park,Ave.,No,Yes,Yes,In Process,No,FAILED,,,
4048,S.,Lake Park,Ave.,No,Yes,Yes,Work Not Started,No,Passed,,,
4700,S.,Lake Park,Ave.,Yes,Not Applicable,Not Applicable,Ready for Inspection,No,FAILED,,,
4800,S.,Lake Park,Ave.,No,Yes,Yes,Ready for Inspection,No,FAILED,,,
4850,S.,Lake Park,Ave.,No,Yes,Yes,Ready for Inspection,No,FAILED,,,
179,E.,Lake Shore,Dr.,No,Yes,Yes,Work Not Started,No,FAILED,,,
189,E.,Lake Shore,Dr.,No,Yes,Yes,Work Not Started,No,FAILED,,,
199,E.,Lake Shore,Dr.,Yes,Not Applicable,Not Applicable,Work Not Started,No,FAILED,,,
209,E.,Lake Shore,Dr.,No,Yes,Yes,In Process,No,FAILED,,,
219,E.,Lake Shore,Dr.,No,Yes,Yes,In Process,No,FAILED,,,
229,E.,Lake Shore,Dr.,Yes,Not Applicable,Not Applicable,Ready for Inspection,No,FAILED,,,
505,N.,Lake Shore,Dr.,Yes,Not Applicable,Not Applicable,Ready for Inspection,No,FAILED,,,
710,N.,Lake Shore,Dr.,No,Yes,Yes,Ready for Inspection,Yes,Sprinkled,,,
860,N.,Lake Shore,Dr.,Yes,Not Applicable,Not Applicable,In Process,No,FAILED,,,
990,N.,Lake Shore,Dr.,No,Yes,Yes,In Process,No,FAILED,,,
999,N.,Lake Shore,Dr.,No,Yes,Yes,In Process,No,FAILED,,,
1000,N.,Lake Shore,Dr.,Yes,Not Applicable,Not Applicable,In Process,No,FAILED,,,
1000,N.,Lake Shore,Plaza,Yes,Not Applicable,Not Applicable,In Process,No,FAILED,,,
1040,N.,Lake Shore,Dr.,Yes,Not Applicable,Not Applicable,Ready for Inspection,No,Passed,,,
1100,N.,Lake Shore,Dr.,Yes,Not Applicable,Not Applicable,In Process,No,Passed,,,
1110,N.,Lake Shore,Dr.,No,Yes,Yes,Ready for Inspection,No,FAILED,,,
1120,N.,Lake Shore,Dr.,No,Yes,Yes,In Process,No,FAILED,,,
1130,N.,Lake Shore,Dr.,Yes,Not Applicable,Not Applicable,Work Not Started,No,FAILED,,,
1150,N.,Lake Shore,Dr.,Yes,Not Applicable,Not Applicable,In Process,No,FAILED,,,
1200,N.,Lake Shore,Dr.,Yes,No,Yes,Work Not Started,No,FAILED,,,
1212,N.,Lake Shore,Dr.,Yes,Not Applicable,Not Applicable,Ready for Inspection,No,Passed,,,
1240,N.,Lake Shore,Dr.,Yes,Not Applicable,Not Applicable,In Process,No,FAILED,,,
1242,N.,Lake Shore,Dr.,Yes,Not Applicable,Not Applicable,In Process,No,FAILED,,,
1300,N.,Lake Shore,Dr.,Yes,Not Applicable,Not Applicable,Work Not Started,No,FAILED,,,
1400,N.,Lake Shore,Dr.,Yes,Yes,Yes,Ready for Inspection,No,Passed,,,
1420,N.,Lake Shore,Dr.,Yes,Not Applicable,Not Applicable,Ready for Inspection,No,Passed,,,
1430,N.,Lake Shore,Dr.,Yes,Not Applicable,Not Applicable,Work Not Started,No,FAILED,,,
1440,N.,Lake Shore,Dr.,Yes,Not Applicable,Not Applicable,Not Submitted,No,FAILED,,,
1448,N.,Lake Shore,Dr.,No,Yes,Yes,In Process,No,FAILED,,,
1500,N.,Lake Shore,Dr.,No,Yes,Yes,In Process,No,FAILED,,,
1540,N.,Lake Shore,Dr.,Yes,Not Applicable,Not Applicable,In Process,No,Passed,,,
1550,N.,Lake Shore,Dr.,Yes,Not Applicable,Not Applicable,Ready for Inspection,No,FAILED,,,
2800,N.,Lake Shore,Dr.,Yes,Not Applicable,Not Applicable,Ready for Inspection,No,Passed,,,
2970,N.,Lake Shore,Dr.,Yes,Not Applicable,Not Applicable,Not Submitted,No,FAILED,,,
3100,N.,Lake Shore,Dr.,Yes,Not Applicable,Not Applicable,Ready for Inspection,No,FAILED,,,
3130,N.,Lake Shore,Dr.,No,Yes,Yes,Work Not Started,No,Passed,,,
3150,N.,Lake Shore,Dr.,No,Yes,Yes,In Process,No,FAILED,,,
3180,N.,Lake Shore,Dr.,Yes,Not Applicable,Not Applicable,Not Submitted,No,FAILED,,,
3200,N.,Lake Shore,Dr.,No,Yes,Yes,In Process,No,Passed,,,
3240,N.,Lake Shore,Dr.,Yes,Not Applicable,Not Applicable,In Process,No,Passed,,,
3260,N.,Lake Shore,Dr.,Yes,Not Applicable,Not Applicable,In Process,No,Passed,,,
3270,N.,Lake Shore,Dr.,Yes,Not Applicable,Not Applicable,In Process,No,Passed,,,
3300,N.,Lake Shore,Dr.,No,Yes,Yes,Not Submitted,No,FAILED,,,
3314,N.,Lake Shore,Dr.,No,Yes,Yes,Not Submitted,No,FAILED,,,
3330,N.,Lake Shore,Dr.,No,Yes,Yes,Not Submitted,No,FAILED,,,
3400,N.,Lake Shore,Dr.,Yes,Not Applicable,Not Applicable,Work Not Started,No,FAILED,,,
3450,N.,Lake Shore,Dr.,No,Yes,Yes,In Process,No,FAILED,,,
3470,N.,Lake Shore,Dr.,Yes,Not Applicable,Not Applicable,Work Not Started,No,FAILED,,,
3500,N.,Lake Shore,Dr.,Yes,Not Applicable,Not Applicable,Ready for Inspection,No,FAILED,,,
3520,N.,Lake Shore,Dr.,Yes,Not Applicable,Not Applicable,In Process,No,Passed,,,
3550,N.,Lake Shore,Dr.,Yes,Not Applicable,Not Applicable,In Process,No,FAILED,,,
3600,N.,Lake Shore,Dr.,Yes,Not Applicable,Not Applicable,Ready for Inspection,No,Passed,,,
3730,N.,Lake Shore,Dr.,Yes,Not Applicable,Not Applicable,In Process,No,FAILED,,,
3740,N.,Lake Shore,Dr.,Yes,Not Applicable,Not Applicable,In Process,No,FAILED,,,
3750,N.,Lake Shore,Dr.,Yes,Not Applicable,Not Applicable,Work Not Started,No,FAILED,,,
3800,N.,Lake Shore,Dr.,Yes,Not Applicable,Not Applicable,Ready for Inspection,No,Passed,,,
3900,N.,Lake Shore,Dr.,Yes,Not Applicable,Not Applicable,Ready for Inspection,No,FAILED,,,
3920,N.,Lake Shore,Dr.,Yes,Not Applicable,Not Applicable,In Process,No,Passed,,,
3950,N.,Lake Shore,Dr.,Yes,Not Applicable,Not Applicable,Ready for Inspection,No,FAILED,,,
5020,S.,Lake Shore,Dr.,No,Yes,Yes,Ready for Inspection,No,FAILED,,,
5050,S.,Lake Shore,Dr.,No,Yes,Yes,Ready for Inspection,No,FAILED,,,
1350-60,N.,Lake Shore,Dr.,Yes,Not Applicable,Not Applicable,Work Not Started,No,FAILED,,,
3318-20,N.,Lake Shore,Dr.,No,Yes,Yes,Work Not Started,No,FAILED,,,
3410-20,N.,Lake Shore,Dr.,Yes,Not Applicable,Not Applicable,In Process,No,FAILED,,,
3430-40,N.,Lake Shore,Dr.,Yes,Not Applicable,Not Applicable,Work Not Started,No,FAILED,,,
900-10,N.,Lake Shore,Dr.,Yes,Not Applicable,Not Applicable,Ready for Inspection,No,FAILED,,,
920,W.,Lakeside,Pl.,No,Yes,Yes,Work Not Started,No,Passed,,,
817-21,W.,Lakeside,Pl.,No,Yes,Yes,Work Not Started,No,FAILED,,,
2400,N.,Lakeview,Ave.,No,Yes,Yes,In Process,No,FAILED,,,
2430,N.,Lakeview,Ave.,No,Yes,Yes,In Process,No,FAILED,,,
2440,N.,Lakeview,Ave.,Yes,Not Applicable,Not Applicable,In Process,No,FAILED,,,
2450,N.,Lakeview,Ave.,Yes,Not Applicable,Not Applicable,Work Not Started,No,FAILED,,,
2500,N.,Lakeview,Ave.,No,Yes,Yes,In Process,No,Passed,,,
2626,N.,Lakeview,Ave.,Yes,Not Applicable,Not Applicable,Ready for Inspection,No,Passed,,,
2650,N.,Lakeview,Ave.,No,Yes,Yes,In Process,No,Passed,,,
4930,S.,Langley,Ave.,No,Yes,Yes,In Process,No,FAILED,,,
1,N.,LaSalle,St.,Yes,Not Applicable,Not Applicable,In Process,No,FAILED,,,
29,S.,LaSalle,St.,No,Yes,Yes,In Process,Yes,sprinkled,,,
33,N.,LaSalle,St.,No,Yes,Yes,In Process,Yes,Sprinkled,,,
39,S.,LaSalle,St.,No,Yes,Yes,,Yes,sprinkled,,,
120,S.,LaSalle, ,Yes,Not Applicable,Not Applicable,Ready for Inspection,Yes,sprinkled,,,
121,N.,LaSalle,St.,No,Yes,Yes,Work Not Started,Yes,sprinkled,,,
134,N.,LaSalle,St.,Yes,Not Applicable,Not Applicable,Ready for Inspection,Yes,Passed,,,
208,S.,LaSalle,St.,Yes,Not Applicable,Not Applicable,Not Submitted,Yes,Sprinkled,,,
221,N.,LaSalle,St.,No,Yes,Yes,Ready for Inspection,No,Passed,,,
231,S.,LaSalle,St.,Yes,Not Applicable,Not Applicable,Work Not Started,Yes,Sprinkled,,,
540,N.,LaSalle,St.,Yes,Not Applicable,Not Applicable,Not Applicable,Not Applicable,Sprinkled,,,
810,N.,LaSalle,St.,Yes,Not Applicable,Not Applicable,Ready for Inspection,Yes,Passed,,,
830,N.,LaSalle,St.,Yes,Not Applicable,Not Applicable,In Process,Yes,Passed,,,
1100,N.,LaSalle,St.,No,Yes,Yes,Work Not Started,No,FAILED,,,
1211,N.,LaSalle,St.,No,Yes,Yes,Work Not Started,No,FAILED,,,
1540,N.,LaSalle,St.,Yes,Not Applicable,Not Applicable,In Process,No,Passed,,,
1660,N.,LaSalle,St.,Yes,Not Applicable,Not Applicable,Ready for Inspection,No,FAILED,,,
910,W.,Lawrence,Ave.,Yes,Not Applicable,Not Applicable,Not Submitted,No,FAILED,,,
920,W.,Lawrence,Ave.,Yes,Not Applicable,Not Applicable,Ready for Inspection,No,Passed,,,
941,W.,Lawrence,Ave.,No,Yes,Yes,Work Not Started,No,FAILED,,,
1020,W.,Lawrence,Ave.,Yes,Yes,Yes,Not Submitted,No,FAILED,,,
1039-1045,W.,Lawrence,Ave.,No,Yes,Yes,Work Not Started,No,FAILED,,,
2717,N.,Leavitt,St.,No,Yes,No,In Process,No,,,,
1940,N.,Lincoln,Ave.,No,Yes,Yes,Work Not Started,No,LSE not required,,,
2052,N.,Lincoln Park,West,No,Yes,Yes,In Process,No,FAILED,,,
2314,N.,Lincoln Park,West,Yes,Not Applicable,Not Applicable,In Process,No,FAILED,,,
1960,N.,Lincoln Park ,West,No,Yes,Yes,Work Not Started,No,FAILED,,,
2020,N.,Lincoln Park ,West,Yes,Not Applicable,Not Applicable,Ready for Inspection,No,FAILED,,,
2100,N.,Lincoln Park ,West,Yes,Not Applicable,Not Applicable,Not Submitted,No,FAILED,,,
2130,N.,Lincoln Park ,West,Yes,Not Applicable,Not Applicable,Work Not Started,No,Passed,,,
2140,N.,Lincoln Park ,West,No,Yes,Yes,Not Submitted,No,FAILED,,,
2144,N.,Lincoln Park ,West,Yes,Not Applicable,Not Applicable,Ready for Inspection,No,FAILED,,,
2150,N.,Lincoln Park ,West,No,Yes,Yes,Ready for Inspection,No,Passed,,,
2300,N.,Lincoln Park ,West,No,Yes,Yes,Work Not Started,No,FAILED,,,
6425,S,Lowe,,No,No,Not Submitted,In Process,No,In Court,,,
1000,W.,Loyola,Ave.,Yes,Not Applicable,Not Applicable,Ready for Inspection,Yes,Sprinkled,,,
1033,W.,Loyola,Ave.,Yes,Not Applicable,Not Applicable,In Process,No,Passed,,,
1125,W.,Loyola,Ave.,Yes,Not Applicable,Not Applicable,Ready for Inspection,Yes,Sprinkled,,,
1122,W.,Lunt,,No,Yes,Yes,In Process,No,LSE not required,,,
1132,W.,Lunt,,No,Yes,Yes,In Process,No,LSE not required,,,
811,S.,Lytle,,No,No,Not Submitted,Not Submitted,No,In Court,,,
29,E.,Madison,St.,Yes,Not Applicable,Not Applicable,Ready for Inspection,No,FAILED,,,
105,W. ,Madison,St.,Not Submitted,Not Applicable,Not Applicable,,,,,,
110,W.,Madison,St.,No,Yes,No,Ready for Inspection,No,FAILED,,,
123,W.,Madison,St.,Yes,Not Applicable,Not Applicable,Work Not Started,No,FAILED,,,
1633,W.,Madison,St.,No,Yes,Yes,In Process,Yes,Passed,,,
4100,N.,Marine,Dr.,No,Yes,Yes,In Process,No,FAILED,,,
4170,N.,Marine,Dr.,Yes,Not Applicable,Not Applicable,In Process,No,FAILED,,,
4180,N.,Marine,Dr.,No,Yes,Yes,Work Not Started,No,In Court,,,
4200,N.,Marine,Dr.,Yes,Not Applicable,Not Applicable,Work Not Started,No,FAILED,,,
4250,N.,Marine,Dr.,Yes,Not Applicable,Not Applicable,Work Not Started,No,FAILED,,,
4300,N.,Marine,Dr.,Yes,Not Applicable,Not Applicable,Work Not Started,No,FAILED,,,
4900,N.,Marine,Dr.,Yes,Yes,Yes,Work Not Started,No,LSE not required,,,
5000,N.,Marine,Dr.,Yes,Not Applicable,Not Applicable,Work Not Started,No,FAILED,,,
5030,N.,Marine,Dr.,Yes,Not Applicable,Not Applicable,Not Submitted,No,FAILED,,,
5100,N.,Marine,Dr.,Yes,Not Applicable,Not Applicable,Ready for Inspection,No,Passed,,,
4950-80,N.,Marine,Dr.,Yes,Yes,Yes,In Process,No,Passed,,,
2801,S.,Martin Luther King,Dr.,Yes,Not Applicable,Not Applicable,In Process,No,Passed,,,
2851,S.,Martin Luther King,Dr.,Yes,Not Applicable,Not Applicable,In Process,No,FAILED,,,
2901,S.,Martin Luther King,Dr.,Yes,Not Applicable,Not Applicable,In Process,No,passed,,,
2951,S.,Martin Luther King,Dr.,Yes,Not Applicable,Not Applicable,In Process,No,Passed,,,
3001,S.,Martin Luther King,Dr.,No,Yes,Yes,In Process,No,FAILED,,,
3100,S.,Martin Luther King,Dr.,No,Yes,Yes,Not Submitted,No,Passed,,,
4747,S.,Martin Luther King,Dr.,No,Yes,Yes,Work Not Started,No,Passed,,,
5110,S.,Martin Luther King,Dr.,Yes,Not Applicable,Not Applicable,Ready for Inspection,Yes,Passed,,,
421,W.,Melrose,St.,Yes,Yes,Yes,In Process,No,FAILED,,,
422-24,W.,Melrose,St.,Yes,Not Applicable,Not Applicable,In Process,No,Passed,,,
8,S.,Michigan,Ave.,Yes,Not Applicable,Not Applicable,Ready for Inspection,No,Passed,,,
18,S.,Michigan,Ave.,No,Yes,Yes,Ready for Inspection,Yes,Sprinkled,,,
30,N.,Michigan,Ave.,Yes,Not Applicable,Not Applicable,Ready for Inspection,Yes,Passed,,,
30,S.,Michigan,Ave.,No,Yes,Yes,In Process,Yes,Sprinkled,,,
300,S.,Michigan,Ave.,Yes,Not Applicable,Not Applicable,Not Applicable,Not Applicable,sprinkled,,,
307,N.,Michigan,Ave.,Yes,Not Applicable,Not Applicable,In Process,Yes,Sprinkled,,,
333,N.,Michigan,Ave.,Yes,Yes,Yes,Work Not Started,No,FAILED,,,
360,N.,Michigan,Ave.,Yes,Not Applicable,Not Applicable,In Process,No,Sprinkled,,,
400,N.,Michigan,Ave.,Yes,Not Applicable,Not Applicable,Work Not Started,Yes,Sprinkled,,,
410,N.,Michigan,Ave.,Yes,Not Applicable,Not Applicable,Work Not Started,Yes,Sprinkled,,,
430,S.,Michigan,Ave.,No,Yes,Yes,Not Submitted,Yes,Sprinkled,,,
535,N.,Michigan,Ave.,Yes,Not Applicable,Not Applicable,Ready for Inspection,No,Passed,,,
600,S.,Michigan,Ave.,No,Yes,Yes,Ready for Inspection,Yes,Sprinkled,,,
624,S.,Michigan,Ave.,No,Yes,Yes,Ready for Inspection,Yes,Sprinkled,,,
626,N.,Michigan,Ave.,No,Yes,Yes,Ready for Inspection,Yes,Sprinkled,,,
777,N.,Michigan,Ave.,Yes,Not Applicable,Not Applicable,Ready for Inspection,No,FAILED,,,
1130,S.,Michigan,Ave.,No,Yes,Yes,Ready for Inspection,No,Passed,,,
1142,S.,Michigan,Ave.,No,Yes,Yes,In Process,No,FAILED,,,
1212,S.,Michigan,Ave.,Yes,Not Applicable,Not Applicable,Not Submitted,No,FAILED,,,
1340,S.,Michigan,Ave.,No,Yes,Yes,Not Submitted,Yes,Sprinkled,,,
1439,S.,Michigan,Ave.,Yes,Not Applicable,Not Applicable,Work Not Started,No,FAILED,,,
2001,S.,Michigan,Ave.,No,Yes,Yes,In Process,No,FAILED,,,
2101,S.,Michigan,Ave.,Yes,Not Applicable,Not Applicable,Ready for Inspection,No,Passed,,,
2901,S.,Michigan,Ave.,No,Yes,Yes,In Process,No,Passed,,,
3001,S.,Michigan,Ave.,No,Yes,Yes,In Process,No,passed,,,
3100,S.,Michigan,Ave.,No,Yes,Yes,Not Submitted,Yes,Sprinkled,,,
3140,S.,Michigan,Ave.,No,Yes,Yes,Not Submitted,Yes,sprinkled,,,
6253,S.,Michigan,Ave.,No,Yes,Yes,Work Not Started,No,FAILED,,,
100-08,S.,Michigan,Ave.,Yes,Not Applicable,Not Applicable,Not Submitted,No,Passed,,,
151-55,N.,Michigan,Ave.,No,Yes,No,In Process,TBD,In Court,,,
1165,N.,Milwaukee,Ave.,No,Yes,Yes,In Process,No,FAILED,,,
1170,N.,Milwaukee,Ave.,Yes,Not Applicable,Not Applicable,Work Not Started,No,FAILED,,,
1600-08,N.,Milwaukee,Ave.,No,Yes,Yes,Work Not Started,No,In Court,,,
6360,S.,Minerva,Ave.,No,Yes,Yes,In Process,No,FAILED,,,
76,E.,Monroe,St.,No,Yes,Yes,In Process,Yes,Sprinkled,,,
856,W.,Nelson,,Not Submitted,Not Applicable,Not Submitted,Not Submitted,No,,,,
838,N.,Noble,St.,No,Yes,Yes,In Process,No,FAILED,,,
300,W.,North,Ave.,No,Yes,Yes,Not Submitted,No,FAILED,,,
2,E.,Oak,St.,No,Yes,Yes,Work Not Started,No,FAILED,,,
320,W.,Oakdale,Ave.,Yes,Not Applicable,Not Applicable,Work Not Started,No,FAILED,,,
350,W.,Oakdale,Ave.,Yes,Not Applicable,Not Applicable,Work Not Started,No,Passed,,,
431,W.,Oakdale,Ave.,Yes,Not Applicable,Not Applicable,Work Not Started,No,FAILED,,,
441,W.,Oakdale,Ave.,No,Yes,Yes,Work Not Started,No,FAILED,,,
4227,S.,Oakenwald,Ave.,No,Yes,Yes,In Process,No,FAILED,,,
700,E.,Oakwood,Blvd.,Yes,Not Applicable,Not Applicable,In Process,No,FAILED,,,
6700,S.,Oglesby,Ave.,Yes,Not Applicable,Not Applicable,Work Not Started,No,FAILED,,,
6740,S.,Oglesby,Ave.,No,No,Not Submitted,Not Submitted,No,In Court,,,
6901,S.,Oglesby,Ave.,No,Yes,Yes,Work Not Started,No,In Court,,,
19,E. ,Ohio,St,Yes,Not Applicable,Not Applicable,Work Not Started,Yes,Sprinkled,,,
211,E.,Ohio,St.,Yes,Not Applicable,Not Applicable,Ready for Inspection,No,FAILED,,,
17-19,E.,Ohio,St.,No,Yes,Yes,Not Submitted,Yes,sprinkled,,,
162,E.,Ontario,St.,Yes,Not Applicable,Not Applicable,In Process,No,FAILED,,,
215,W.,Ontario,St.,No,No,Not Submitted,Not Submitted,No,In Court,,,
226,W.,Ontario,St.,No,No,Not Submitted,Not Submitted,No,In Court,,,
230,E.,Ontario,St.,Yes,Not Applicable,Not Applicable,In Process,No,FAILED,,,
333,E.,Ontario,St.,No,Yes,Yes,Ready for Inspection,Yes,Sprinkled,,,
2800,N.,Orchard,St.,No,Yes,Yes,Not Submitted,Not Submitted,LSE Not Required,,,
1261,N.,Paulina,St.,Yes,Not Applicable,Not Applicable,Not Submitted,No,FAILED,,,
210,E.,Pearson,St.,Yes,Not Applicable,Not Applicable,In Process,No,Passed,,,
222,E.,Pearson,St.,No,Yes,Yes,Not Submitted,No,FAILED,,,
1750,W.,Peterson,Ave.,No,Yes,Yes,In Process,No,Passed,,,
2738,N.,Pine Grove,Ave.,No,Yes,Yes,Work Not Started,No,Passed,,,
2740,N.,Pine Grove,Ave.,Yes,Not Applicable,Not Applicable,Work Not Started,No,FAILED,,,
2757,N.,Pine Grove,Ave.,No,Yes,Yes,Work Not Started,No,Passed,,,
2800,N.,Pine Grove,Ave.,No,Yes,Yes,Work Not Started,Yes,Sprinkled,,,
3900,N.,Pine Grove,Ave.,No,Yes,Yes,Work Not Started,No,FAILED,,,
3930,N.,Pine Grove,Ave.,No,Yes,Yes,In Process,No,FAILED,,,
3941,N.,Pine Grove,Ave.,No,Yes,Yes,Work Not Started,No,Passed,,,
3639-45,N.,Pine Grove,Ave.,No,Yes,Yes,Work Not Started,No,FAILED,,,
801,S.,Plymouth,Ct.,Yes,Not Applicable,Not Applicable,Work Not Started,No,Passed,,,
899,S.,Plymouth,Ct.,Yes,Not Applicable,Not Applicable,Ready for Inspection,Yes,Sprinkled,,,
901,S.,Plymouth,Ct.,No,Yes,Yes,In Process,No,FAILED,,,
1900,W.,Polk,St.,No,Yes,Yes,Not Submitted,No,FAILED,,,
3245,S.,Prarie,Ave.,No,Yes,Yes,In Process,,Sprinkled,,,
1246,W.,Pratt,Blvd.,No,Yes,Yes,Not Submitted,No,FAILED,,,
1263,W.,Pratt,,No,Yes,Yes,In Process,No,In Court,,,
1135-37,W.,Pratt,,No,Yes,Yes,Ready for Inspection,No,FAILED,,,
4250,S.,Princeton,Ave.,No,Yes,Yes,In Process,Yes,sprinkled,,,
222,S.,Racine,Ave.,No,Yes,yes,Not Submitted,No,In Court,,,
24,W.,Randolph,St.,No,Yes,Yes,Work Not Started,No,FAILED,,,
32,W.,Randolph,St.,No,Yes,Yes,In Process,No,FAILED,,,
151,W.,Randolph,St.,No,Yes,Yes,Work Not Started,No,Passed,,,
225,W.,Randolph,St.,Yes,Yes,Yes,Not Applicable,Yes,sprinkled,,,
360,E.,Randolph,St.,No,Yes,Yes,Ready for Inspection,No,FAILED,,,
400,E.,Randolph,St.,No,Yes,Yes,Work Not Started,No,FAILED,,,
3445,S.,Rhodes,Ave.,Yes,Not Applicable,Not Applicable,In Process,No,FAILED,,,
3510,S.,Rhodes,Ave.,No,Yes,Yes,Work Not Started,No,Passed,,,
3550,S.,Rhodes,Ave.,No,Yes,Yes,Work Not Started,No,Passed,,,
3620,S.,Rhodes,Ave.,No,Yes,Yes,Work Not Started,No,Passed,,,
1310,N.,Ritchie,Ct.,No,Yes,Yes,Work Not Started,No,FAILED,,,
1313,N.,Ritchie,Ct.,No,Yes,Yes,Work Not Started,No,FAILED,,,
30,E.,Roosevelt,Rd.,No,Yes,Yes,Ready for Inspection,No,FAILED,,,
3158,W.,Roosevelt,Rd.,Yes,Not Applicable,Not Applicable,Not Submitted,No,passed,,,
434,W.,Roscoe,,No,Yes,Yes,Not Submitted,No,In Court,,,
429-31,W.,Roscoe,,No,Yes,Yes,Work Not Started,No,FAILED,,,
1061,W.,Rosemont,St.,No,Yes,Yes,Not Submitted,No,In Court,,,
1255,N.,Sandburg,Terrace,Yes,Not Applicable,Not Applicable,Ready for Inspection,No,Passed,,,
1355,N.,Sandburg,Terrace,Yes,Not Applicable,Not Applicable,In Process,No,FAILED,,,
1360,N.,Sandburg,Terrace,Yes,Not Applicable,Not Applicable,In Process,No,FAILED,,,
1455,N.,Sandburg,Terrace,Yes,Not Applicable,Not Applicable,Ready for Inspection,No,Passed,,,
1460,N.,Sandburg,Terrace,Yes,Not Applicable,Not Applicable,Ready for Inspection,No,Passed,,,
1560,N.,Sandburg,Terrace,No,Yes,Yes,Ready for Inspection,No,FAILED,,,
1555,N.,Sandburg ,Terrace,Yes,Not Applicable,Not Applicable,Not Applicable,Not Applicable,LSE not required,,,
88,W.,Schiler,St.,Yes,Not Applicable,Not Applicable,Ready for Inspection,No,Passed,,,
1,E.,Schiller,St.,Yes,Not Applicable,Not Applicable,Work Not Started,No,Passed,,,
2020,W.,Schiller,St.,No,Yes,Yes,In Process,No,Passed,,,
1,E.,Scott,Ave.,Yes,Not Applicable,Not Applicable,Ready for Inspection,No,FAILED,,,
65,E.,Scott,St.,Yes,Yes,Yes,Work Not Started,No,FAILED,,,
6-12,E.,Scott,St.,No,Yes,Yes,Work Not Started,No,FAILED,,,
60-70,E.,Scott,St.,Yes,Not Applicable,Not Applicable,Not Submitted,No,FAILED,,,
2640,N.,Sheffield,Ave.,No,Yes,Yes,In Process,No,Passed,,,
2720,N.,Sheffield,Ave.,No,Yes,Yes,In Process,No,Passed,,,
661,W.,Sheridan,Rd.,Yes,Not Applicable,Not Applicable,Work Not Started,No,FAILED,,,
725,W.,Sheridan,Rd.,No,Yes,Yes,Not Submitted,Not Submitted,LSE Not Required,,,
2850,N.,Sheridan,Rd.,No,Yes,Yes,Ready for Inspection,No,FAILED,,,
2909,N.,Sheridan,Rd.,Yes,Not Applicable,Not Applicable,Work Not Started,No,FAILED,,,
2930,N.,Sheridan,Rd.,No,Yes,Yes,Ready for Inspection,No,FAILED,,,
2933,N.,Sheridan,Rd.,No,Yes,Yes,In Process,No,Passed,,,
2970,N.,Sheridan,Rd.,No,Yes,Yes,Work Not Started,No,Passed,,,
3000,N.,Sheridan,Rd.,No,Yes,Yes,In Process,No,Passed,,,
3033,N.,Sheridan,Rd.,No,Yes,Yes,Not Submitted,No,FAILED,,,
3100,N.,Sheridan,Rd.,No,Yes,Yes,In Process,No,FAILED,,,
3110,N.,Sheridan,Rd.,Yes,Not Applicable,Not Applicable,Work Not Started,No,Passed,,,
3150,N.,Sheridan,Rd.,Yes,Not Applicable,Not Applicable,In Process,No,Passed,,,
4423,N.,Sheridan,Rd.,Yes,Not Applicable,Not Applicable,Work Not Started,No,FAILED,,,
4541,N.,Sheridan,Rd.,Yes,Yes,Yes,Ready for Inspection,No,FAILED,,,
4645,N.,Sheridan,Rd.,No,Yes,Yes,In Process,No,FAILED,,,
4750,N.,Sheridan,Rd.,No,Yes,Yes,Work Not Started,No,FAILED,,,
4827,N.,Sheridan,Rd.,Yes,Not Applicable,Not Applicable,In Process,No,Passed,,,
4910,N.,Sheridan,Rd.,Yes,Not Applicable,Not Applicable,Not Submitted,No,FAILED,,,
4945,N.,Sheridan,Rd.,No,Yes,Yes,In Process,No,FAILED,,,
5240,N.,Sheridan,Rd.,Yes,Not Applicable,Not Applicable,Work Not Started,No,FAILED,,,
5320,N.,Sheridan,Rd.,No,Yes,Yes,Work Not Started,No,FAILED,,,
5415,N.,Sheridan,Rd.,Yes,Not Applicable,Not Applicable,Ready for Inspection,No,Passed,,,
5445,N.,Sheridan,Rd.,Yes,Not Applicable,Not Applicable,Ready for Inspection,No,Passed,,,
5455,N.,Sheridan,Rd.,Yes,Not Applicable,Not Applicable,In Process,No,FAILED,,,
5510,N.,Sheridan,Rd.,No,Yes,Yes,Work Not Started,No,FAILED,,,
5555,N.,Sheridan,Rd.,No,Yes,Yes,In Process,No,Passed,,,
5601,N.,Sheridan,Rd.,Yes,Not Applicable,Not Applicable,Not Submitted,No,FAILED,,,
5630,N.,Sheridan,Rd.,No,Yes,Yes,Work Not Started,No,FAILED,,,
5650,N.,Sheridan,Rd.,Yes,Not Applicable,Not Applicable,Ready for Inspection,No,FAILED,,,
5701,N.,Sheridan,Rd.,Yes,Not Applicable,Not Applicable,In Process,No,FAILED,,,
5733,N.,Sheridan,Rd.,No,Yes,Yes,In Process,No,FAILED,,,
5740,N.,Sheridan,Rd.,Yes,Not Applicable,Not Applicable,Not Submitted,No,FAILED,,,
5757,N.,Sheridan,Rd.,Yes,Not Applicable,Not Applicable,Work Not Started,No,FAILED,,,
5800,N.,Sheridan,Rd.,No,Yes,Yes,In Process,No,FAILED,,,
5801,N.,Sheridan,Rd.,Yes,Not Applicable,Not Applicable,Work Not Started,No,FAILED,,,
5815,N.,Sheridan,Rd.,No,Yes,No,In Process,No,In Court,,,
5816,N.,Sheridan,Rd.,No,Yes,Yes,In Process,No,In Court,,,
5855,N.,Sheridan,Rd.,No,Yes,Yes,In Process,No,FAILED,,,
5858,N.,Sheridan,Rd.,No,Yes,Yes,Work Not Started,No,FAILED,,,
5901,N.,Sheridan,Rd.,Yes,Not Applicable,Not Applicable,Ready for Inspection,No,FAILED,,,
6007,N.,Sheridan,Rd.,Yes,Not Applicable,Not Applicable,Work Not Started,No,Passed,,,
6033,N.,Sheridan,Rd.,Yes,Not Applicable,Not Applicable,Work Not Started,No,FAILED,,,
6101,N.,Sheridan,Rd.,Yes,Not Applicable,Not Applicable,In Process,No,FAILED,,,
6101,N.,Sheridan,East (2),Yes,Not Applicable,Not Applicable,Ready for Inspection,No,Passed,,,
6118,N.,Sheridan,Rd.,No,Yes,Yes,Work Not Started,No,FAILED,,,
6157,N.,Sheridan,Rd.,No,Yes,Yes,Work Not Started,No,Passed,,,
6166,N.,Sheridan,Rd.,Yes,Not Applicable,Not Applicable,In Process,No,FAILED,,,
6171,N.,Sheridan,Rd.,Yes,Not Applicable,Not Applicable,Work Not Started,No,FAILED,,,
6301,N.,Sheridan,Rd.,Yes,Yes,Yes,In Process,No,FAILED,,,
6325,N.,Sheridan,Rd.,Yes,Not Applicable,Not Applicable,Work Not Started,No,FAILED,,,
6364,N.,Sheridan,Rd.,Yes,Not Applicable,Not Applicable,Not Submitted,No,Passed,,,
6400,N.,Sheridan,Rd.,No,Yes,Yes,In Process,Yes,Sprinkled,,,
6415,N.,Sheridan,Rd.,Yes,Not Applicable,Not Applicable,Ready for Inspection,No,FAILED,,,
6807,N.,Sheridan,Rd.,No,Yes,Yes,In Process,No,FAILED,,,
7301,N.,Sheridan,Rd.,No,Yes,Yes,In Process,No,FAILED,,,
4601-4613,N.,Sheridan,Rd.,No,Yes,Yes,Work Not Started,No,,,,
5600-28,N.,Sheridan,Rd.,Yes,Not Applicable,Not Applicable,In Process,No,FAILED,,,
6016-30,N.,Sheridan,Rd.,No,Yes,Yes,Not Submitted,No,FAILED,,,
6145-47,N.,Sheridan,Rd.,No,Yes,Yes,Not Submitted,No,FAILED,,,
6334-44,N.,Sheridan,Rd.,Yes,Not Applicable,Not Applicable,Not Submitted,No,FAILED,,,
5200,N.,Sheridan/Foster,Rd.,No,Yes,Yes,In Process,No,FAILED,,,
1205,W.,Sherwin,,No,Yes,Yes,In Process,No,FAILED,,,
1209-13,W.,Sherwin,,No,Yes,Yes,Work Not Started,No,Passed,,,
5300,S.,South Shore,Dr.,Yes,Not Applicable,Not Applicable,In Process,No,FAILED,,,
5490,S.,South Shore,Dr.,No,Yes,Yes,Work Not Started,No,FAILED,,,
5500,S.,South Shore,Dr.,No,Yes,Yes,Work Not Started,No,FAILED,,,
6700,S.,South Shore,Dr.,Yes,Not Applicable,Not Applicable,Not Submitted,No,FAILED,,,
6730,S.,South Shore,Dr.,Yes,Not Applicable,Not Applicable,Work Not Started,No,FAILED,,,
6930,S.,South Shore,Dr.,No,Yes,Yes,Work Not Started,No,FAILED,,,
7000,S.,South Shore,Dr.,Yes,Not Applicable,Not Applicable,Work Not Started,No,FAILED,,,
7022,S.,South Shore,Dr.,Yes,Not Applicable,Not Applicable,In Process,No,FAILED,,,
7100,S.,South Shore,Dr.,No,Yes,Yes,Not Submitted,No,FAILED,,,
7250,S.,South Shore,Dr.,No,Yes,Yes,Not Submitted,No,FAILED,,,
7251,S.,South Shore,Dr.,No,Yes,Yes,Not Submitted,No,FAILED,,,
7300,S.,South Shore,Dr.,No,Yes,Yes,In Process,No,In Court,,,
7321,S.,South Shore,Dr.,Yes,Not Applicable,Not Applicable,Work Not Started,No,FAILED,,,
7337,S.,South Shore,Dr.,No,Yes,Yes,Ready for Inspection,No,FAILED,,,
7345,S.,South Shore,Dr.,No,Yes,Yes,In Process,No,FAILED,,,
7447,S.,South Shore,Dr.,No,Yes,Yes,Not Submitted,No,FAILED,,,
5530-32,S.,South Shore,Dr.,No,Yes,Yes,Work Not Started,No,FAILED,,,
444,W.,St. James,,Yes,Not Applicable,Not Applicable,In Process,No,Passed,,,
17,N.,State,St.,Yes,Not Applicable,Not Applicable,Ready for Inspection,Yes,Passed,,,
175,N.,State,St.,No,Yes,Yes,Not Submitted,Not Submitted,Passed,,,
300,N.,State,St.,No,Yes,Yes,In Process,No,FAILED,,,
300,N.,State,St.,No,Yes,Yes,In Process,No,FAILED,,,
850,N.,State,St.,No,Yes,Yes,Ready for Inspection,No,FAILED,,,
1030,N.,State,St.,Yes,Not Applicable,Not Applicable,In Process,No,FAILED,,,
1220,N.,State,St.,Yes,Not Applicable,Not Applicable,In Process,No,FAILED,,,
1255,N.,State,Parkway,No,Yes,Yes,Ready for Inspection,No,FAILED,,,
1320,N.,State,Parkway,Yes,Not Applicable,Not Applicable,Ready for Inspection,No,FAILED,,,
1325,N.,State,Parkway,Yes,Not Applicable,Not Applicable,Ready for Inspection,No,FAILED,,,
1400,N.,State,Parkway,Yes,Not Applicable,Not Applicable,Not Submitted,No,FAILED,,,
1410,N.,State,Parkway,No,Yes,Yes,In Process,No,FAILED,,,
1440,N.,State,Parkway,Yes,Not Applicable,Not Applicable,Ready for Inspection,No,Passed,,,
1445,N.,State,Parkway,Yes,Not Applicable,Not Applicable,In Process,No,Passed,,,
1501,N.,State,Parkway,Yes,Not Applicable,Not Applicable,Ready for Inspection,No,Passed,,,
1516,N.,State,Parkway,Yes,Not Applicable,Not Applicable,In Process,No,FAILED,,,
1530,N.,State,Parkway,No,Yes,Yes,In Process,No,FAILED,,,
1540,N.,State,Parkway,No,Yes,Yes,Ready for Inspection,No,FAILED,,,
1550,N.,State,Parkway,Yes,Not Applicable,Not Applicable,Work Not Started,No,FAILED,,,
1244,N.,Stone,St.,No,Yes,Yes,Not Submitted,No,FAILED,,,
6430,S.,Stony Island,,No,Yes,Yes,Ready for Inspection,No,Passed,,,
5830-44,S.,Stony Island,,No,Yes,Yes,Work Not Started,No,FAILED,,,
840,W.,Sunnyside,,Yes,Not Applicable,Not Applicable,In Process,No,Passed,,,
420,W.,Surf,St.,No,Yes,Yes,In Process,No,In Court,,,
425,W.,Surf,St.,No,Yes,Yes,In Process,No,FAILED,,,
426,W,Surf,St.,No,Yes,Yes,In Process,No,Passed,,,
501,W.,Surf,St.,Yes,Yes,Yes,Not Submitted,No,FAILED,,,
550,W.,Surf,St.,No,Yes,Yes,In Process,Yes,Sprinkled,,,
559,W.,Surf,St.,No,Yes,Yes,In Process,No,FAILED,,,
5514,S.,University,Ave.,Yes,Not Applicable,Not Applicable,Ready for Inspection,Yes,Demolished,,,
5,S.,Wabash,Ave.,No,Yes,No,Ready for Inspection,No,In Court,,,
111,N.,Wabash,Ave.,Yes,Not Applicable,Not Applicable,Ready for Inspection,No,Passed,,,
203,N.,Wabash,Ave.,No,Yes,Yes,In Process,Yes,Sprinkled,,,
218,S.,Wabash,Ave.,No,Yes,Yes,Ready for Inspection,No,FAILED,,,
226,S.,Wabash,Ave.,No,Yes,Yes,Ready for Inspection,No,FAILED,,,
405,N.,Wabash,Ave.,Yes,Not Applicable,Not Applicable,Ready for Inspection,No,Passed,,,
623,S.,Wabash,Ave.,No,Yes,Yes,Ready for Inspection,Yes,Sprinkled,,,
1104,S.,Wabash,Ave.,No,Yes,Yes,Ready for Inspection,Yes,Passed,,,
1307,S.,Wabash,Ave.,Yes,Not Applicable,Not Applicable,In Process,No,LSE not required,,,
3101,S.,Wabash,Ave.,No,Yes,Yes,Not Submitted,Yes,Sprinkled,,,
20,N.,Wacker,Dr.,Yes,Not Applicable,Not Applicable,Ready for Inspection,Yes,Passed,,,
65,E.,Wacker,Pl.,Yes,Not Applicable,Not Applicable,In Process,No,FAILED,,,
233,E.,Wacker,Dr.,Yes,Not Applicable,Not Applicable,Ready for Inspection,No,FAILED,,,
70,E.,Walton,St.,No,Yes,Yes,Ready for Inspection,No,Passed,,,
100,E.,Walton,Pl.,Yes,Not Applicable,Not Applicable,Work Not Started,No,FAILED,,,
220,E.,Walton,St.,Yes,Not Applicable,Not Applicable,Ready for Inspection,No,FAILED,,,
227,E.,Walton,Pl.,Yes,Not Applicable,Not Applicable,Work Not Started,No,FAILED,,,
232,E.,Walton,St.,No,Yes,Yes,Not Submitted,No,FAILED,,,
233,E.,Walton,St.,No,Yes,Yes,In Process,No,Passed,,,
25,E.,Washington,,Yes,Not Applicable,Not Applicable,Ready for Inspection,Yes,Sprinkled,,,
50,W.,Washington,,Yes,Not Applicable,Not Applicable,Ready for Inspection,Yes,sprinkled,,,
55,E.,Washington,,No,Yes,Yes,In Process,Yes,Sprinkled,,,
77,W.,Washington,,No,Yes,Yes,Not Submitted,No,FAILED,,,
78,E.,Washington,(Chicago Cultural Cntr.),No,Yes,Yes,Not Submitted,No,FAILED,,,
111,W.,Washington,,Yes,Yes,Yes,Ready for Inspection,No,Passed,,,
176,W.,Washington,,No,Yes,Yes,In Process,No,FAILED,,,
180,W.,Washington,,No,Yes,yes,Ready for Inspection,No,FAILED,,,
309,W.,Washington,,No,Yes,Yes,In Process,No,FAILED,,,
311,W.,Washington,,No,Yes,Yes,Ready for Inspection,Yes,sprinkled,,,
3916,W.,Washington,Blvd.,No,Yes,Yes,In Process,Yes,Sprinkled,,,
707,W.,Waveland,Ave.,Yes,Not Applicable,Not Applicable,Not Submitted,No,FAILED,,,
336,W.,Wellington,Ave.,Yes,Not Applicable,Not Applicable,Work Not Started,No,FAILED,,,
360,W.,Wellington,Ave.,Yes,Not Applicable,Not Applicable,In Process,No,Passed,,,
442,W.,Wellington,Ave.,Yes,Not Applicable,Not Applicable,Work Not Started,No,FAILED,,,
445,W.,Wellington,Ave.,Yes,Not Applicable,Not Applicable,Ready for Inspection,No,Passed,,,
725,S.,Wells,St.,No,Yes,Yes,Not Submitted,Yes,Sprinkled,,,
1636,N.,Wells,St.,Yes,Not Applicable,Not Applicable,Work Not Started,No,FAILED,,,
1749,N.,Wells,St.,Yes,Not Applicable,Not Applicable,In Process,No,FAILED,,,
3601,S.,Wells,St.,Yes,Not Applicable,Not Applicable,Not Submitted,No,FAILED,,,
3146,S.,Wentworth,Ave.,No,Yes,Yes,In Process,No,Passed,,,
3216,S.,Wentworth,Ave.,No,Yes,Yes,In Process,No,Passed,,,
920,W.,Wilson,,No,Yes,Yes,Not Submitted,No,FAILED,,,
1325-1329,W.,Wilson,,No,Yes,Yes,Work Not Started,No,FAILED,,,
4500,N.,Winchester,,Yes,Not Applicable,Not Applicable,Work Not Started,No,FAILED,,,
940,W.,Winona,St.,No,Yes,Yes,In Process,No,In Court,,,
4717,N.,Winthrop,,No,No,Not Submitted,Not Submitted,No,In Court,,,
4848,N.,Winthrop,,Yes,Not Applicable,Not Applicable,In Process,No,Passed,,,
5625,N.,Winthrop,,No,Yes,Yes,Work Not Started,No,FAILED,,,
5734,N.,Winthrop,,No,Yes,Yes,Work Not Started,No,In Court,,,
6026,N.,Winthrop,,No,Yes,Yes,Work Not Started,No,FAILED,,,
6151,N.,Winthrop,,No,Yes,Yes,Work Not Started,No,FAILED,,,
6165,N.,Winthrop,,Yes,Not Applicable,Not Applicable,Not Submitted,No,FAILED,,,
6214,N.,Winthrop,,No,No,Not Submitted,Not Submitted,No,In Court,,,
6330,N.,Winthrop,,No,Yes,Yes,Work Not Started,No,FAILED,,,
627,S.,Wood,St.,Yes,Not Applicable,Not Applicable,Ready for Inspection,Yes,Sprinkled,,,
443,W.,Wrightwood,,No,Yes,Yes,In Process,No,In Court,,,
451,W.,Wrightwood,,No,Yes,Yes,In Process,No,In Court,,,
6401,S.,Yale,Ave.,No,Yes,Yes,In Process,No,FAILED,,,
,,,,,,,,,,,,
